<?xml version="1.0" encoding="UTF-8"?>
<project version="4">
  <component name="FrameworkDetectionExcludesConfiguration">
    <file type="web" url="file://$PROJECT_DIR$" />
  </component>
  <component name="MavenProjectsManager">
    <option name="originalFiles">
      <list>
        <option value="$PROJECT_DIR$/pom.xml" />
      </list>
    </option>
  </component>
  <component name="ProjectRootManager" version="2" languageLevel="JDK_1_8" default="true" project-jdk-name="Azul JDK 1.8" project-jdk-type="JavaSDK">
    <output url="file://$PROJECT_DIR$/out" />
  </component>
</project>