<component name="libraryTable">
  <library name="Maven: org.unbescape:unbescape:1.1.6.RELEASE">
    <CLASSES>
      <root url="jar://$MAVEN_REPOSITORY$/org/unbescape/unbescape/1.1.6.RELEASE/unbescape-1.1.6.RELEASE.jar!/" />
    </CLASSES>
    <JAVADOC>
      <root url="jar://$MAVEN_REPOSITORY$/org/unbescape/unbescape/1.1.6.RELEASE/unbescape-1.1.6.RELEASE-javadoc.jar!/" />
    </JAVADOC>
    <SOURCES>
      <root url="jar://$MAVEN_REPOSITORY$/org/unbescape/unbescape/1.1.6.RELEASE/unbescape-1.1.6.RELEASE-sources.jar!/" />
    </SOURCES>
  </library>
</component>