<component name="libraryTable">
  <library name="Maven: org.attoparser:attoparser:2.0.5.RELEASE">
    <CLASSES>
      <root url="jar://$MAVEN_REPOSITORY$/org/attoparser/attoparser/2.0.5.RELEASE/attoparser-2.0.5.RELEASE.jar!/" />
    </CLASSES>
    <JAVADOC>
      <root url="jar://$MAVEN_REPOSITORY$/org/attoparser/attoparser/2.0.5.RELEASE/attoparser-2.0.5.RELEASE-javadoc.jar!/" />
    </JAVADOC>
    <SOURCES>
      <root url="jar://$MAVEN_REPOSITORY$/org/attoparser/attoparser/2.0.5.RELEASE/attoparser-2.0.5.RELEASE-sources.jar!/" />
    </SOURCES>
  </library>
</component>