<component name="libraryTable">
  <library name="Maven: com.google.protobuf:protobuf-java:3.11.4">
    <CLASSES>
      <root url="jar://$MAVEN_REPOSITORY$/com/google/protobuf/protobuf-java/3.11.4/protobuf-java-3.11.4.jar!/" />
    </CLASSES>
    <JAVADOC>
      <root url="jar://$MAVEN_REPOSITORY$/com/google/protobuf/protobuf-java/3.11.4/protobuf-java-3.11.4-javadoc.jar!/" />
    </JAVADOC>
    <SOURCES>
      <root url="jar://$MAVEN_REPOSITORY$/com/google/protobuf/protobuf-java/3.11.4/protobuf-java-3.11.4-sources.jar!/" />
    </SOURCES>
  </library>
</component>