<component name="libraryTable">
  <library name="Maven: org.springframework:spring-jdbc:5.3.14">
    <CLASSES>
      <root url="jar://$MAVEN_REPOSITORY$/org/springframework/spring-jdbc/5.3.14/spring-jdbc-5.3.14.jar!/" />
    </CLASSES>
    <JAVADOC>
      <root url="jar://$MAVEN_REPOSITORY$/org/springframework/spring-jdbc/5.3.14/spring-jdbc-5.3.14-javadoc.jar!/" />
    </JAVADOC>
    <SOURCES>
      <root url="jar://$MAVEN_REPOSITORY$/org/springframework/spring-jdbc/5.3.14/spring-jdbc-5.3.14-sources.jar!/" />
    </SOURCES>
  </library>
</component>