<component name="libraryTable">
  <library name="Maven: org.springframework:spring-context:5.3.11">
    <CLASSES>
      <root url="jar://$MAVEN_REPOSITORY$/org/springframework/spring-context/5.3.11/spring-context-5.3.11.jar!/" />
    </CLASSES>
    <JAVADOC>
      <root url="jar://$MAVEN_REPOSITORY$/org/springframework/spring-context/5.3.11/spring-context-5.3.11-javadoc.jar!/" />
    </JAVADOC>
    <SOURCES>
      <root url="jar://$MAVEN_REPOSITORY$/org/springframework/spring-context/5.3.11/spring-context-5.3.11-sources.jar!/" />
    </SOURCES>
  </library>
</component>