<component name="libraryTable">
  <library name="Maven: org.junit.platform:junit-platform-commons:1.8.2">
    <CLASSES>
      <root url="jar://$MAVEN_REPOSITORY$/org/junit/platform/junit-platform-commons/1.8.2/junit-platform-commons-1.8.2.jar!/" />
    </CLASSES>
    <JAVADOC>
      <root url="jar://$MAVEN_REPOSITORY$/org/junit/platform/junit-platform-commons/1.8.2/junit-platform-commons-1.8.2-javadoc.jar!/" />
    </JAVADOC>
    <SOURCES>
      <root url="jar://$MAVEN_REPOSITORY$/org/junit/platform/junit-platform-commons/1.8.2/junit-platform-commons-1.8.2-sources.jar!/" />
    </SOURCES>
  </library>
</component>