<component name="libraryTable">
  <library name="Maven: org.springframework.security:spring-security-web:5.5.3">
    <CLASSES>
      <root url="jar://$MAVEN_REPOSITORY$/org/springframework/security/spring-security-web/5.5.3/spring-security-web-5.5.3.jar!/" />
    </CLASSES>
    <JAVADOC>
      <root url="jar://$MAVEN_REPOSITORY$/org/springframework/security/spring-security-web/5.5.3/spring-security-web-5.5.3-javadoc.jar!/" />
    </JAVADOC>
    <SOURCES>
      <root url="jar://$MAVEN_REPOSITORY$/org/springframework/security/spring-security-web/5.5.3/spring-security-web-5.5.3-sources.jar!/" />
    </SOURCES>
  </library>
</component>