<component name="libraryTable">
  <library name="Maven: org.thymeleaf.extras:thymeleaf-extras-springsecurity5:3.0.4.RELEASE">
    <CLASSES>
      <root url="jar://$MAVEN_REPOSITORY$/org/thymeleaf/extras/thymeleaf-extras-springsecurity5/3.0.4.RELEASE/thymeleaf-extras-springsecurity5-3.0.4.RELEASE.jar!/" />
    </CLASSES>
    <JAVADOC>
      <root url="jar://$MAVEN_REPOSITORY$/org/thymeleaf/extras/thymeleaf-extras-springsecurity5/3.0.4.RELEASE/thymeleaf-extras-springsecurity5-3.0.4.RELEASE-javadoc.jar!/" />
    </JAVADOC>
    <SOURCES>
      <root url="jar://$MAVEN_REPOSITORY$/org/thymeleaf/extras/thymeleaf-extras-springsecurity5/3.0.4.RELEASE/thymeleaf-extras-springsecurity5-3.0.4.RELEASE-sources.jar!/" />
    </SOURCES>
  </library>
</component>