<component name="libraryTable">
  <library name="Maven: mysql:mysql-connector-java:8.0.27">
    <CLASSES>
      <root url="jar://$MAVEN_REPOSITORY$/mysql/mysql-connector-java/8.0.27/mysql-connector-java-8.0.27.jar!/" />
    </CLASSES>
    <JAVADOC>
      <root url="jar://$MAVEN_REPOSITORY$/mysql/mysql-connector-java/8.0.27/mysql-connector-java-8.0.27-javadoc.jar!/" />
    </JAVADOC>
    <SOURCES>
      <root url="jar://$MAVEN_REPOSITORY$/mysql/mysql-connector-java/8.0.27/mysql-connector-java-8.0.27-sources.jar!/" />
    </SOURCES>
  </library>
</component>