<?xml version="1.0" encoding="UTF-8" ?>
<!DOCTYPE mapper PUBLIC "-//mybatis.org//DTD Mapper 3.0//EN" "http://mybatis.org/dtd/mybatis-3-mapper.dtd" >
<mapper namespace="com.atguigu.mybatis.mapper.EmpMapper" >
  <resultMap id="BaseResultMap" type="com.atguigu.mybatis.pojo.Emp" >
    <!--
      WARNING - @mbggenerated
      This element is automatically generated by MyBatis Generator, do not modify.
      This element was generated on Tue Nov 30 18:45:30 CST 2021.
    -->
    <id column="eid" property="eid" jdbcType="INTEGER" />
    <result column="emp_name" property="empName" jdbcType="VARCHAR" />
    <result column="age" property="age" jdbcType="INTEGER" />
    <result column="sex" property="sex" jdbcType="CHAR" />
    <result column="email" property="email" jdbcType="VARCHAR" />
    <result column="did" property="did" jdbcType="INTEGER" />
  </resultMap>
  <sql id="Example_Where_Clause" >
    <!--
      WARNING - @mbggenerated
      This element is automatically generated by MyBatis Generator, do not modify.
      This element was generated on Tue Nov 30 18:45:30 CST 2021.
    -->
    <where >
      <foreach collection="oredCriteria" item="criteria" separator="or" >
        <if test="criteria.valid" >
          <trim prefix="(" suffix=")" prefixOverrides="and" >
            <foreach collection="criteria.criteria" item="criterion" >
              <choose >
                <when test="criterion.noValue" >
                  and ${criterion.condition}
                </when>
                <when test="criterion.singleValue" >
                  and ${criterion.condition} #{criterion.value}
                </when>
                <when test="criterion.betweenValue" >
                  and ${criterion.condition} #{criterion.value} and #{criterion.secondValue}
                </when>
                <when test="criterion.listValue" >
                  and ${criterion.condition}
                  <foreach collection="criterion.value" item="listItem" open="(" close=")" separator="," >
                    #{listItem}
                  </foreach>
                </when>
              </choose>
            </foreach>
          </trim>
        </if>
      </foreach>
    </where>
  </sql>
  <sql id="Update_By_Example_Where_Clause" >
    <!--
      WARNING - @mbggenerated
      This element is automatically generated by MyBatis Generator, do not modify.
      This element was generated on Tue Nov 30 18:45:30 CST 2021.
    -->
    <where >
      <foreach collection="example.oredCriteria" item="criteria" separator="or" >
        <if test="criteria.valid" >
          <trim prefix="(" suffix=")" prefixOverrides="and" >
            <foreach collection="criteria.criteria" item="criterion" >
              <choose >
                <when test="criterion.noValue" >
                  and ${criterion.condition}
                </when>
                <when test="criterion.singleValue" >
                  and ${criterion.condition} #{criterion.value}
                </when>
                <when test="criterion.betweenValue" >
                  and ${criterion.condition} #{criterion.value} and #{criterion.secondValue}
                </when>
                <when test="criterion.listValue" >
                  and ${criterion.condition}
                  <foreach collection="criterion.value" item="listItem" open="(" close=")" separator="," >
                    #{listItem}
                  </foreach>
                </when>
              </choose>
            </foreach>
          </trim>
        </if>
      </foreach>
    </where>
  </sql>
  <sql id="Base_Column_List" >
    <!--
      WARNING - @mbggenerated
      This element is automatically generated by MyBatis Generator, do not modify.
      This element was generated on Tue Nov 30 18:45:30 CST 2021.
    -->
    eid, emp_name, age, sex, email, did
  </sql>
  <select id="selectByExample" resultMap="BaseResultMap" parameterType="com.atguigu.mybatis.pojo.EmpExample" >
    <!--
      WARNING - @mbggenerated
      This element is automatically generated by MyBatis Generator, do not modify.
      This element was generated on Tue Nov 30 18:45:30 CST 2021.
    -->
    select
    <if test="distinct" >
      distinct
    </if>
    <include refid="Base_Column_List" />
    from t_emp
    <if test="_parameter != null" >
      <include refid="Example_Where_Clause" />
    </if>
    <if test="orderByClause != null" >
      order by ${orderByClause}
    </if>
  </select>
  <select id="selectByPrimaryKey" resultMap="BaseResultMap" parameterType="java.lang.Integer" >
    <!--
      WARNING - @mbggenerated
      This element is automatically generated by MyBatis Generator, do not modify.
      This element was generated on Tue Nov 30 18:45:30 CST 2021.
    -->
    select 
    <include refid="Base_Column_List" />
    from t_emp
    where eid = #{eid,jdbcType=INTEGER}
  </select>
  <delete id="deleteByPrimaryKey" parameterType="java.lang.Integer" >
    <!--
      WARNING - @mbggenerated
      This element is automatically generated by MyBatis Generator, do not modify.
      This element was generated on Tue Nov 30 18:45:30 CST 2021.
    -->
    delete from t_emp
    where eid = #{eid,jdbcType=INTEGER}
  </delete>
  <delete id="deleteByExample" parameterType="com.atguigu.mybatis.pojo.EmpExample" >
    <!--
      WARNING - @mbggenerated
      This element is automatically generated by MyBatis Generator, do not modify.
      This element was generated on Tue Nov 30 18:45:30 CST 2021.
    -->
    delete from t_emp
    <if test="_parameter != null" >
      <include refid="Example_Where_Clause" />
    </if>
  </delete>
  <insert id="insert" parameterType="com.atguigu.mybatis.pojo.Emp" >
    <!--
      WARNING - @mbggenerated
      This element is automatically generated by MyBatis Generator, do not modify.
      This element was generated on Tue Nov 30 18:45:30 CST 2021.
    -->
    insert into t_emp (eid, emp_name, age, 
      sex, email, did)
    values (#{eid,jdbcType=INTEGER}, #{empName,jdbcType=VARCHAR}, #{age,jdbcType=INTEGER}, 
      #{sex,jdbcType=CHAR}, #{email,jdbcType=VARCHAR}, #{did,jdbcType=INTEGER})
  </insert>
  <insert id="insertSelective" parameterType="com.atguigu.mybatis.pojo.Emp" >
    <!--
      WARNING - @mbggenerated
      This element is automatically generated by MyBatis Generator, do not modify.
      This element was generated on Tue Nov 30 18:45:30 CST 2021.
    -->
    insert into t_emp
    <trim prefix="(" suffix=")" suffixOverrides="," >
      <if test="eid != null" >
        eid,
      </if>
      <if test="empName != null" >
        emp_name,
      </if>
      <if test="age != null" >
        age,
      </if>
      <if test="sex != null" >
        sex,
      </if>
      <if test="email != null" >
        email,
      </if>
      <if test="did != null" >
        did,
      </if>
    </trim>
    <trim prefix="values (" suffix=")" suffixOverrides="," >
      <if test="eid != null" >
        #{eid,jdbcType=INTEGER},
      </if>
      <if test="empName != null" >
        #{empName,jdbcType=VARCHAR},
      </if>
      <if test="age != null" >
        #{age,jdbcType=INTEGER},
      </if>
      <if test="sex != null" >
        #{sex,jdbcType=CHAR},
      </if>
      <if test="email != null" >
        #{email,jdbcType=VARCHAR},
      </if>
      <if test="did != null" >
        #{did,jdbcType=INTEGER},
      </if>
    </trim>
  </insert>
  <select id="countByExample" parameterType="com.atguigu.mybatis.pojo.EmpExample" resultType="java.lang.Integer" >
    <!--
      WARNING - @mbggenerated
      This element is automatically generated by MyBatis Generator, do not modify.
      This element was generated on Tue Nov 30 18:45:30 CST 2021.
    -->
    select count(*) from t_emp
    <if test="_parameter != null" >
      <include refid="Example_Where_Clause" />
    </if>
  </select>
  <update id="updateByExampleSelective" parameterType="map" >
    <!--
      WARNING - @mbggenerated
      This element is automatically generated by MyBatis Generator, do not modify.
      This element was generated on Tue Nov 30 18:45:30 CST 2021.
    -->
    update t_emp
    <set >
      <if test="record.eid != null" >
        eid = #{record.eid,jdbcType=INTEGER},
      </if>
      <if test="record.empName != null" >
        emp_name = #{record.empName,jdbcType=VARCHAR},
      </if>
      <if test="record.age != null" >
        age = #{record.age,jdbcType=INTEGER},
      </if>
      <if test="record.sex != null" >
        sex = #{record.sex,jdbcType=CHAR},
      </if>
      <if test="record.email != null" >
        email = #{record.email,jdbcType=VARCHAR},
      </if>
      <if test="record.did != null" >
        did = #{record.did,jdbcType=INTEGER},
      </if>
    </set>
    <if test="_parameter != null" >
      <include refid="Update_By_Example_Where_Clause" />
    </if>
  </update>
  <update id="updateByExample" parameterType="map" >
    <!--
      WARNING - @mbggenerated
      This element is automatically generated by MyBatis Generator, do not modify.
      This element was generated on Tue Nov 30 18:45:30 CST 2021.
    -->
    update t_emp
    set eid = #{record.eid,jdbcType=INTEGER},
      emp_name = #{record.empName,jdbcType=VARCHAR},
      age = #{record.age,jdbcType=INTEGER},
      sex = #{record.sex,jdbcType=CHAR},
      email = #{record.email,jdbcType=VARCHAR},
      did = #{record.did,jdbcType=INTEGER}
    <if test="_parameter != null" >
      <include refid="Update_By_Example_Where_Clause" />
    </if>
  </update>
  <update id="updateByPrimaryKeySelective" parameterType="com.atguigu.mybatis.pojo.Emp" >
    <!--
      WARNING - @mbggenerated
      This element is automatically generated by MyBatis Generator, do not modify.
      This element was generated on Tue Nov 30 18:45:30 CST 2021.
    -->
    update t_emp
    <set >
      <if test="empName != null" >
        emp_name = #{empName,jdbcType=VARCHAR},
      </if>
      <if test="age != null" >
        age = #{age,jdbcType=INTEGER},
      </if>
      <if test="sex != null" >
        sex = #{sex,jdbcType=CHAR},
      </if>
      <if test="email != null" >
        email = #{email,jdbcType=VARCHAR},
      </if>
      <if test="did != null" >
        did = #{did,jdbcType=INTEGER},
      </if>
    </set>
    where eid = #{eid,jdbcType=INTEGER}
  </update>
  <update id="updateByPrimaryKey" parameterType="com.atguigu.mybatis.pojo.Emp" >
    <!--
      WARNING - @mbggenerated
      This element is automatically generated by MyBatis Generator, do not modify.
      This element was generated on Tue Nov 30 18:45:30 CST 2021.
    -->
    update t_emp
    set emp_name = #{empName,jdbcType=VARCHAR},
      age = #{age,jdbcType=INTEGER},
      sex = #{sex,jdbcType=CHAR},
      email = #{email,jdbcType=VARCHAR},
      did = #{did,jdbcType=INTEGER}
    where eid = #{eid,jdbcType=INTEGER}
  </update>
</mapper>