<component name="ArtifactManager">
  <artifact type="exploded-war" name="BookManager:war exploded">
    <output-path>$PROJECT_DIR$/target/BookManager-1.0-SNAPSHOT</output-path>
    <properties id="maven-jee-properties">
      <options>
        <exploded>true</exploded>
        <module>BookManager</module>
        <packaging>war</packaging>
      </options>
    </properties>
    <root id="root">
      <element id="directory" name="WEB-INF">
        <element id="directory" name="classes">
          <element id="module-output" name="BookManager" />
        </element>
        <element id="directory" name="lib">
          <element id="library" level="project" name="Maven: org.springframework.security:spring-security-web:5.5.3" />
          <element id="library" level="project" name="Maven: org.springframework.security:spring-security-core:5.5.3" />
          <element id="library" level="project" name="Maven: org.springframework.security:spring-security-crypto:5.5.3" />
          <element id="library" level="project" name="Maven: org.springframework:spring-core:5.3.11" />
          <element id="library" level="project" name="Maven: org.springframework:spring-jcl:5.3.11" />
          <element id="library" level="project" name="Maven: org.springframework:spring-aop:5.3.11" />
          <element id="library" level="project" name="Maven: org.springframework:spring-beans:5.3.11" />
          <element id="library" level="project" name="Maven: org.springframework:spring-context:5.3.11" />
          <element id="library" level="project" name="Maven: org.springframework:spring-expression:5.3.11" />
          <element id="library" level="project" name="Maven: org.springframework:spring-web:5.3.11" />
          <element id="library" level="project" name="Maven: org.springframework.security:spring-security-config:5.5.3" />
          <element id="library" level="project" name="Maven: org.springframework:spring-webmvc:5.3.14" />
          <element id="library" level="project" name="Maven: org.thymeleaf:thymeleaf-spring5:3.0.14.RELEASE" />
          <element id="library" level="project" name="Maven: org.thymeleaf:thymeleaf:3.0.14.RELEASE" />
          <element id="library" level="project" name="Maven: org.attoparser:attoparser:2.0.5.RELEASE" />
          <element id="library" level="project" name="Maven: org.unbescape:unbescape:1.1.6.RELEASE" />
          <element id="library" level="project" name="Maven: org.slf4j:slf4j-api:1.7.25" />
          <element id="library" level="project" name="Maven: org.thymeleaf.extras:thymeleaf-extras-springsecurity5:3.0.4.RELEASE" />
          <element id="library" level="project" name="Maven: mysql:mysql-connector-java:8.0.27" />
          <element id="library" level="project" name="Maven: com.google.protobuf:protobuf-java:3.11.4" />
          <element id="library" level="project" name="Maven: org.mybatis:mybatis-spring:2.0.6" />
          <element id="library" level="project" name="Maven: org.mybatis:mybatis:3.5.7" />
          <element id="library" level="project" name="Maven: org.springframework:spring-jdbc:5.3.14" />
          <element id="library" level="project" name="Maven: org.springframework:spring-tx:5.3.14" />
          <element id="library" level="project" name="Maven: com.zaxxer:HikariCP:3.4.5" />
          <element id="library" level="project" name="Maven: org.projectlombok:lombok:1.18.22" />
          <element id="library" level="project" name="Maven: org.slf4j:slf4j-jdk14:1.7.32" />
        </element>
      </element>
      <element id="directory" name="META-INF">
        <element id="file-copy" path="$PROJECT_DIR$/target/BookManager-1.0-SNAPSHOT/META-INF/MANIFEST.MF" />
      </element>
      <element id="javaee-facet-resources" facet="BookManager/web/Web" />
    </root>
  </artifact>
</component>